id,均等なPSNR(p2point),推定されるpqs
0,13.03353098,0.153132394
1,14.0170025,0.154834373
2,15.00047402,0.157249756
3,15.98394553,0.160677575
4,16.96741705,0.165542204
5,17.95088856,0.1724459
6,18.93436008,0.182243361
7,19.9178316,0.196147543
8,20.90130311,0.215879826
9,21.88477463,0.243883126
10,22.86824615,0.283624337
11,23.85171766,0.340023542
12,24.83518918,0.420063136
13,25.8186607,0.533652263
14,26.80213221,0.694853604
15,27.78560373,0.923624375
