id,均等なBitrate [Mbps],推定されたpqs
0,0.372856,0.175023624
1,6.653112,0.260861236
2,12.933368,0.340357914
3,19.213624,0.413982071
4,25.49388,0.482167519
5,31.774136,0.545316021
6,38.054392,0.603799662
7,44.334648,0.657963043
8,50.614904,0.708125307
9,56.89516,0.75458202
10,63.175416,0.797606917
11,69.455672,0.83745351
12,75.735928,0.874356585
13,82.016184,0.908533582
14,88.29644,0.940185882
15,94.576696,0.969499986
