id,均等なPSNR(p2point),推定されるpqs
0,18.0876,0.153917285
1,19.13284667,0.15551214
2,20.17809333,0.157798364
3,21.22334,0.161075664
4,22.26858667,0.16577367
5,23.31383333,0.172508258
6,24.35908,0.182162282
7,25.40432667,0.196001318
8,26.44957333,0.215839562
9,27.49482,0.244277666
10,28.54006667,0.285043661
11,29.58531333,0.343481676
12,30.63056,0.427252516
13,31.67580667,0.547337936
14,32.72105333,0.719480271
15,33.7663,0.966246146
