id,均等なBitrate,推定されたpqs
0,0.516696,0.15978536
1,4.616728,0.281267697
2,8.71676,0.386561888
3,12.816792,0.477825088
4,16.916824,0.556926998
5,21.016856,0.625488172
6,25.116888,0.684913217
7,29.21692,0.736419571
8,33.316952,0.781062438
9,37.416984,0.819756413
10,41.517016,0.853294218
11,45.617048,0.882362938
12,49.71708,0.907558102
13,53.817112,0.929395881
14,57.917144,0.948323664
15,62.017176,0.964729222
