id,均等なBitrate [Mbps],推定されたpqs
0,0.507650667,0.12991588
1,1.544148444,0.197988606
2,2.580646222,0.263944993
3,3.617144,0.327850837
4,4.653641778,0.389769886
5,5.690139556,0.449763911
6,6.726637333,0.507892758
7,7.763135111,0.564214415
8,8.799632889,0.618785066
9,9.836130667,0.671659149
10,10.87262844,0.72288941
11,11.90912622,0.772526953
12,12.945624,0.820621295
13,13.98212178,0.867220413
14,15.01861956,0.912370794
15,16.05511733,0.956117477
