id,均等なPSNR(p2point),推定したpqs
0,8.66434,0.124519628
1,9.852157333,0.131829381
2,11.03997467,0.141018084
3,12.227792,0.152568717
4,13.41560933,0.167088405
5,14.60342667,0.185340337
6,15.791244,0.208283874
7,16.97906133,0.237124979
8,18.16687867,0.273379606
9,19.354696,0.318953379
10,20.54251333,0.376241755
11,21.73033067,0.448255939
12,22.918148,0.538781158
13,24.10596533,0.652575618
14,25.29378267,0.795620608
15,26.4816,0.975434893
